준비운동,본운동,마무리운동
1단 줄넘기,1단 줄넘기,1단 줄넘기
2단 줄넘기,2단 줄넘기,50M 달리기
4방향 콘 찍고 달리기,4방향 콘 찍고 달리기,V자 싸이클
50M 달리기,50M 달리기,가슴 스트레칭
S자 달리기,S자 달리기,가슴 어깨 펴기
V자 버티기,V자 버티기,가슴/어깨 스트레칭
V자 싸이클,V자 싸이클,가슴/어깨 앞쪽 스트레칭
W 스텝,W 스텝,걷기
가슴 스트레칭,가슴 스트레칭,겨드랑이 늘리기
가슴 어깨 펴기,가슴 어깨 펴기,결가부좌
가슴/어깨 스트레칭,가슴/어깨 스트레칭,계단 두 칸씩 뛰기
가슴/어깨 앞쪽 스트레칭,가슴/어깨 앞쪽 스트레칭,계단 뛰어 오르기
거꾸로 누워서 밀기,거꾸로 누워서 밀기,계단 오르기
걷기,걷기,계단 올라갔다 내려오기
겨드랑이 늘리기,겨드랑이 늘리기,고관절 스트레칭
결가부좌,결가부좌,고양이 자세
계단 두 칸씩 뛰기,계단 두 칸씩 뛰기,고정식 자전거 타기
계단 두발 뛰기,계단 두발 뛰기,고정식 트레드밀에서 걷기
계단 뛰어 오르기,계단 뛰어 오르기,고혈압환자_심폐지구력운동
계단 오르기,계단 오르기,골다공증을 위한 스트레칭
계단 올라갔다 내려오기,계단 올라갔다 내려오기,골반 스트레칭
계단 한발 뛰기,계단 한발 뛰기,골반 스트레칭2
계이름 치기,계이름 치기,공 잡고 상체 들어올리기
고관절 스트레칭,고관절 스트레칭,관절염을 위한 스트레칭
고양이 자세,고양이 자세,균형 걷기
고정식 자전거 타기,고정식 자전거 타기,깍지 끼고 상체 숙이기
고정식 트레드밀에서 걷기,고정식 트레드밀에서 걷기,깍지끼고 목 들어올리기
고정한 상태에서 덤벨 들고 팔꿈치 굽히기,고정한 상태에서 덤벨 들고 팔꿈치 굽히기,나란히 서서 손잡고 끌어당기기
고혈압환자_순환식 근력운동 프로그램,고혈압환자_순환식 근력운동 프로그램,나무자세
고혈압환자_심폐지구력운동,고혈압환자_심폐지구력운동,나비자세
골다공증을 위한 근력운동1,골다공증을 위한 근력운동1,내전근 스트레칭
골다공증을 위한 근력운동2,골다공증을 위한 근력운동2,넙다리 뒤쪽 스트레칭
골다공증을 위한 스트레칭,골다공증을 위한 스트레칭,넙다리 안쪽 스트레칭
골다공증을 위한 심폐지구력 운동,골다공증을 위한 심폐지구력 운동,넙다리 앞쪽 스트레칭
골반 스트레칭,골반 스트레칭,네발 걷기
골반 스트레칭2,골반 스트레칭2,네발기기 자세로 팔 다리 들기
공 던져 색깔 맞추기,공 던져 색깔 맞추기,누워 다리 들어올리기
공 양손으로 주고 받기,공 양손으로 주고 받기,누워 발목 당겨주기
공 위로 던지고 제자리 돌아 받기,공 위로 던지고 제자리 돌아 받기,누워 한발 원 그리기
공 잡고 들어올리기,공 잡고 들어올리기,누워서 굽힌 다리 펴기
공 잡고 상체 들어올리기,공 잡고 상체 들어올리기,누워서 다리 좌우로 움직이기
공에 엎드려서 상체 들어올리기,관절염을 위한 근력운동1,누워서 다리 펴고 원 그리기
관절염을 위한 근력운동1,관절염을 위한 근력운동2,누워서 배가로근 수축 I
관절염을 위한 근력운동2,관절염을 위한 스트레칭,누워서 엉덩이 들어올리기
관절염을 위한 스트레칭,관절염을 위한 심폐지구력 운동,누워서 전신 뻗기
관절염을 위한 심폐지구력 운동,교차 다리 굽히기,누워서 하늘 자전거
교차 다리 굽히기,굽힘 밸런스운동-60~120도 사이,다리 감아올리기
굽힘 밸런스운동-60~120도 사이,균형 걷기,다리 굽혀(W자) 상체 뒤로 눕기
균형 걷기,깍지 끼고 상체 숙이기,다리 꼬아 상체 앞으로 숙이기
깍지 끼고 상체 숙이기,깍지끼고 목 들어올리기,다리 넓게 벌려 앉았다 일어서기
깍지끼고 목 들어올리기,나란히 서서 손잡고 끌어당기기,다리 들어올리기
나란히 서서 손잡고 끌어당기기,나무자세,다리 모아 뒤로 눕기
나무자세,나비자세,다리 모아 상체 숙이기
나비자세,내전근 스트레칭,다리 벌려 앞으로 상체 숙이기
내전근 스트레칭,넙다리 뒤쪽 스트레칭,다리 벌려 옆으로 상체 숙이기
넙다리 뒤쪽 스트레칭,넙다리 안쪽 스트레칭,다리 올려 의자넘기
넙다리 안쪽 스트레칭,넙다리 앞쪽 스트레칭,다리굽혀 허리 비틀기
넙다리 앞쪽 스트레칭,네발 걷기,다리들어 옆으로 올리기
네발 걷기,네발기기 자세로 팔 다리 들기,다리모아 무릎 누르기
네발기기 자세로 팔 다리 들기,네발기기 자세에서 다리 위로 뻗어올리기,다리뻗어 상체 숙이기
네발기기 자세에서 다리 위로 뻗어올리기,네발기기 자세에서 손바닥으로 바닥밀기,다리자세
네발기기 자세에서 손바닥으로 바닥밀기,누워 다리 들어올리기,달리기
누워 다리 들어올리기,누워 무릎 교차 올리기,대(大)자 점프 뛰기
누워 무릎 교차 올리기,누워 무릎 기울기,대퇴사두근 스트레칭
누워 무릎 기울기,누워 발목 당겨주기,대퇴이두근 스트레칭
누워 발목 당겨주기,누워 한발 원 그리기,대퇴이두근 스트레칭2
누워 한발 원 그리기,누워서 가슴 밀기,덤벨 잡고 앉았다 일어서기
누워서 가슴 밀기,누워서 공 뒤로 내리고 당기기,동적 스트레칭 루틴프로그램
누워서 공 뒤로 내리고 당기기,누워서 공들고 몸 기울이기,뒤꿈치 높이들어 뛰기
누워서 공들고 몸 기울이기,누워서 굽힌 다리 펴기,뒤꿈치 들기
누워서 굽힌 다리 펴기,누워서 다리 굽히기,뒤로 팔 뻗기
누워서 다리 들어올리기,누워서 다리 들어올리기,뒤로 팔굽혀펴기
누워서 다리 좌우로 움직이기,누워서 다리 좌우로 움직이기,등 대고 대퇴이두근 스트레칭
누워서 다리 펴고 원 그리기,누워서 다리 펴고 원 그리기,등 스트레칭
누워서 덤벨 들어올리기,누워서 덤벨 들어올리기,등/어깨 뒤쪽 스트레칭
누워서 덤벨 모아들기,누워서 덤벨 모아들기,뛰어 내렸다가 바로 점프하기
누워서 뒤로 팔굽혀펴기,누워서 뒤로 팔굽혀펴기,라켓으로 공 치며 앞으로 가기
누워서 막대 잡고 팔 들어올리기,누워서 막대 잡고 팔 들어올리기,런지하며 상체 비틀기
누워서 막대 잡고 팔 회전하기,누워서 막대 잡고 팔 회전하기,레그 스윙
누워서 머리 위로 팔꿈치 펴기,누워서 머리 위로 팔꿈치 펴기,마주 앉아 대퇴이두근 스트레칭
누워서 밀기,누워서 밀기,마주 앉아 대퇴이두근 스트레칭2
누워서 배가로근 수축 I,누워서 배가로근 수축 I,마주보고 상체 좌우 비틀기
누워서 배가로근 수축 II,누워서 배가로근 수축 II,마주보고 종아리 펴기
누워서 수직으로 다리 들어올리기,누워서 수직으로 다리 들어올리기,맨몸운동  루틴프로그램
누워서 엉덩이 들어올리기,누워서 엉덩이 들어올리기,머리 위로 볼 돌리기
누워서 전신 뻗기,누워서 전신 뻗기,메디신볼 운동  루틴프로그램
누워서 팔 다리 동시에 들어올리기,누워서 팔 다리 동시에 들어올리기,모관운동
누워서 팔 밀기,누워서 팔 밀기,목 당기기
누워서 하늘 자전거,누워서 하늘 자전거,목 돌리기
다리 감아올리기,다리 감아올리기,목 돌림 스트레칭
다리 교대로 들어올리기,다리 교대로 들어올리기,목 스트레칭
다리 굽혀(W자) 상체 뒤로 눕기,다리 굽혀(W자) 상체 뒤로 눕기,몸 기울이기/회전하기
다리 꼬아 상체 앞으로 숙이기,다리 꼬아 상체 앞으로 숙이기,몸 앞으로 굽히기
다리 넓게 벌려 앉았다 일어서기,다리 넓게 벌려 앉았다 일어서기,몸통 들어올리기
다리 들어올리기,다리 들어올리기,몸통 비틀기
다리 모아 뒤로 눕기,다리 모아 뒤로 눕기,몸통 스트레칭
다리 모아 상체 숙이기,다리 모아 상체 숙이기,몸통 앞으로 굽혀 걷기
다리 모았다 벌려 뛰기,다리 모았다 벌려 뛰기,몸통 옆으로 굽히기
다리 벌려 앞으로 상체 숙이기,다리 벌려 앞으로 상체 숙이기,무릎 굽혀 가슴 닿기
다리 벌려 옆으로 상체 숙이기,다리 벌려 옆으로 상체 숙이기,무릎 높여 제자리 달리기
다리 뻗어 올리기,다리 뻗어 올리기,무릎 당겨올리기
다리 뻗어 점프하기,다리 뻗어 점프하기,무릎 대고 상체 뒤로 젖히기
다리 앞뒤로 벌려 굽혔다 펴기,다리 앞뒤로 벌려 굽혔다 펴기,무릎 대고 옆으로 기울이기
다리 옆으로 들어올리기,다리 옆으로 들어올리기,무릎 들어올리기
다리 올려 의자넘기,다리 올려 의자넘기,무릎 아래에서 양옆으로 굴리기
다리굽혀 허리 비틀기,다리굽혀 허리 비틀기,무릎굽혀 원 그리기
다리들어 옆으로 올리기,다리들어 옆으로 올리기,무릎당겨 다리 올리기
다리로 짐볼 들어올리기,다리로 짐볼 들어올리기,물고기 자세
다리모아 무릎 누르기,다리모아 무릎 누르기,물누르기/올리기
다리벌려 풍차돌기,다리벌려 풍차돌기,물속에서 걷기
다리뻗어 상체 숙이기,다리뻗어 상체 숙이기,물통으로 양팔 들어올리기
다리자세,다리자세,바벨 잡고 들어올리기
달리기,달리기,바운딩 운동  루틴프로그램
대(大)자 점프 뛰기,대(大)자 점프 뛰기,박스 오르내리기
대퇴사두근 스트레칭,대퇴사두근 스트레칭,반달자세
대퇴이두근 스트레칭,대퇴이두근 스트레칭,반복 옆뛰기
대퇴이두근 스트레칭2,대퇴이두근 스트레칭2,발 끝 당기기
덤벨 옆으로 들어올리기,덤벨 옆으로 들어올리기,발 닿기
덤벨 잡고 뒤꿈치 들기,덤벨 잡고 뒤꿈치 들기,발 바꿔 뛰기
덤벨 잡고 몸통 옆으로 굽히기,덤벨 잡고 몸통 옆으로 굽히기,발가락 폄근 스트레칭
덤벨 잡고 앉았다 일어서기,덤벨 잡고 앉았다 일어서기,발등 동시에 늘리기
덤벨 잡고 한발 내밀어 굽혔다 펴기,덤벨 잡고 한발 내밀어 굽혔다 펴기,발등굽힘/발바닥굽힘
동적 스트레칭 루틴프로그램,동적 스트레칭 루틴프로그램,발목 돌리기
두발모아 걷기,두발모아 걷기,발목 얹고 다리 잡아당기기
뒤꿈치 높이들어 뛰기,뒤꿈치 높이들어 뛰기,발바닥 마주대고 끌어당기기
뒤꿈치 들기,뒤꿈치 들기,발바닥 치기
뒤로 팔 뻗기,뒤로 팔 뻗기,배 스트레칭
뒤로 팔굽혀펴기,뒤로 팔굽혀펴기,배스트레칭
뒷발 교차 뛰기,뒷발 교차 뛰기,백 슬라이드
뒷발 의자 올려 굽히기,뒷발 의자 올려 굽히기,밴드 걸고 앉아서 발등 굽힘
등 대고 대퇴이두근 스트레칭,등 대고 대퇴이두근 스트레칭,버피 테스트
등 스트레칭,등 스트레칭,버피운동
등/어깨 뒤쪽 스트레칭,등/어깨 뒤쪽 스트레칭,베개 밟고 서기 평형성 운동 루틴 프로그램
등척성운동-바깥돌림,뛰어 내렸다가 바로 점프하기,베개 밟고 측면으로 양팔 들기
등척성운동-벌림,뛰어 밀기,복부 스트레칭
등척성운동-안쪽 돌림,라켓으로 공 치며 앞으로 가기,복식호흡
뛰어 내렸다가 바로 점프하기,런지하며 상체 비틀기,볼 잡고 몸통 기울이기
뛰어 밀기,레그 스윙,비복근 스트레칭
라켓으로 공 치며 앞으로 가기,마주 앉아 대퇴이두근 스트레칭,빠르게 걷기
런지하며 상체 비틀기,마주 앉아 대퇴이두근 스트레칭2,빠르게 무릎 올려 찍기
레그 스윙,마주보고 상체 좌우 비틀기,빠른 발 뛰기
마주 앉아 대퇴이두근 스트레칭,마주보고 종아리 펴기,사다리 걷기
마주 앉아 대퇴이두근 스트레칭2,막대 잡고 대각선으로 팔 들어올리기,사다리 안팎 뛰기
마주보고 상체 좌우 비틀기,막대 잡고 팔 안쪽/바깥 돌림,사다리 옆으로 발 옮기기
마주보고 종아리 펴기,매달려서 다리 들기,사다리 운동  루틴프로그램
막대 잡고 대각선으로 팔 들어올리기,매달려서 뒤로 팔굽혀 펴기,사다리 좌우 뛰기
막대 잡고 팔 안쪽/바깥 돌림,맨몸운동  루틴프로그램,사이드 지그재그 뛰기
매달려서 다리 들기,머리 뒤로 깍지 끼고 상체 숙이기,사이드 한발 뛰기
매달려서 뒤로 팔굽혀 펴기,머리 위로 공 넘기기,상지 루틴 스트레칭
맨몸운동  루틴프로그램,머리 위로 볼 돌리기,상체 감아올리기
머리 뒤로 깍지 끼고 상체 숙이기,머신이용 근력운동 루틴프로그램,상체 앞으로 숙이기
머리 위로 공 넘기기,메디신 볼 잡고 런지하며 상체비틀기,서서 균형잡기
머리 위로 볼 돌리기,메디신 볼 잡고 팔굽혀펴기,서서 다리 뒤로 차기
머신이용 근력운동 루틴프로그램,메디신볼 운동  루틴프로그램,서서 다리로 탄력밴드 당기기 I
메디신 볼 잡고 런지하며 상체비틀기,모관운동,서서 다리로 탄력밴드 당기기 II
메디신 볼 잡고 팔굽혀펴기,목 굽힘/ 폄 I,서서 뒤꿈치 들기
메디신볼 운동  루틴프로그램,목 굽힘/ 폄 II,서서 발목 누르기
모관운동,목 굽힘/ 폄 III,서서 발목 뒤로 당기기
목 굽힘/ 폄 I,목 당기기,서서 어깨  들어올리기
목 굽힘/ 폄 II,목 돌리기,서서 한팔 들어 오른쪽 왼쪽 뻗기
목 굽힘/ 폄 III,목 돌림 스트레칭,소머리 자세
목 당기기,목 스트레칭,수영
목 돌리기,목봉잡고 앉았다 일어나기,순간반응 콘 찍기
목 돌림 스트레칭,몸 기울이기/회전하기,스카프 라인
목 스트레칭,몸 앞으로 굽히기,스타 투 니 풀
목봉잡고 앉았다 일어나기,몸통 들어올리기,스텝박스
몸 기울이기/회전하기,몸통 비틀기,스텝박스 오르내리기
몸 앞으로 굽히기,몸통 스트레칭,스텝퍼 뛰어서 넘어가기
몸통 들어올리기,몸통 앞으로 굽혀 걷기,스텝퍼 뛰어서 오르내리기
몸통 비틀기,몸통 옆으로 굽히기,스텝퍼 옆으로 뛰어넘기
몸통 스트레칭,무릎 굽혀 가슴 닿기,스텝퍼 오르내리기
몸통 앞으로 굽혀 걷기,무릎 굽혀 엉덩이 들어올리기,시소우
몸통 옆으로 굽히기,무릎 높여 제자리 달리기,실내 자전거타기
무릎 구부려 상체 비틀기,무릎 높이 들어 뛰기,실외 자전거타기
무릎 굽혀 가슴 닿기,무릎 당겨올리기,아기자세
무릎 굽혀 엉덩이 들어올리기,무릎 대고 상체 뒤로 젖히기,아래 팔 스트레칭
무릎 높여 제자리 달리기,무릎 대고 옆으로 기울이기,아령 뒤로 들어올리기
무릎 높이 들어 뛰기,무릎 들어 연속 뛰기,아령 앞으로 들어올리기
무릎 당겨올리기,무릎 들어올리기,아쿠아로빅
무릎 대고 상체 뒤로 젖히기,무릎 아래에서 양옆으로 굴리기,앉아 윗몸 앞으로 굽히기
무릎 대고 옆으로 기울이기,무릎 올려 공 닿기,앉아서 다리 굽히기
무릎 들어 연속 뛰기,무릎-허리 높이로 공 튀기기,앉아서 다리 모으기
무릎 들어올리기,무릎굽혀 원 그리기,앉아서 다리 올리기
무릎 아래에서 양옆으로 굴리기,무릎당겨 다리 올리기,앉아서 다리 펴기
무릎 올려 공 닿기,물고기 자세,앉아서 다리 펴서 들어올리기
무릎-허리 높이로 공 튀기기,물누르기/올리기,앉아서 덤벨로 손목 굽히기
무릎굽혀 원 그리기,물당기기/밀기,앉아서 밀기
무릎당겨 다리 올리기,물병 들고 한발 앞으로 내밀고 앉았다 일어서기,앉아서 상체 앞 옆으로 기울기
물고기 자세,물병 옆으로 들어올리기,앉아서 엉덩관절 굽히기
물누르기/올리기,물속에서 걷기,앉아서 옆구리 늘려주기
물당기기/밀기,물통으로 양팔 들어올리기,앉아서 한 발 앞으로 굽히기
물병 들고 한발 앞으로 내밀고 앉았다 일어서기,바로서서 상체 숙이기,앉았다 일어서기
물병 옆으로 들어올리기,바벨 끌어당기기,앉았다 일어서며 팔 들어올리기
물속에서 걷기,바벨 당겨 올리기,앉았다 일어서면서 점프하기
물통으로 양팔 들어올리기,바벨 들어 팔꿈치 굽히기,앉은 산 자세
바로서서 상체 숙이기,바벨 잡고 들어올리기,앞굽이 뛰기
바벨 끌어당기기,바벨들어올리기,앞굽이 앉았다 일어서기
바벨 당겨 올리기,바운딩 운동  루틴프로그램,앞뒤로 한발씩 걷기
바벨 들어 팔꿈치 굽히기,박스 옆으로 번갈아 뛰기,앞발 의자 올려 굽히기
바벨 잡고 들어올리기,박스 오르내리기,앞차기하며 뛰기
바벨들어올리기,박스 운동  루틴프로그램,양 손 번갈아 공 튀기기
바운딩 운동  루틴프로그램,반달자세,양발 교차 올리기
박스 옆으로 번갈아 뛰기,반복 옆뛰기,양발 교차하여 서서 몸통 숙이기
박스 오르내리기,발 끝 당기기,양발 나란히 서기
박스 운동  루틴프로그램,발 닿기,양발 모아 좌우 뛰기
반달자세,발 뒤꿈치 들어올리기,양발 모았다 벌려뛰기
반복 옆뛰기,발 바꿔 뛰기,양발 벌려 무릎 밀어내기
발 끝 당기기,발가락 폄근 스트레칭,양발 점프 착지하기
발 닿기,발등 동시에 늘리기,양손 모아 균형 잡기
발 뒤꿈치 들어올리기,발등굽힘/발바닥굽힘,양팔 벌려 높이 뛰기
발 바꿔 뛰기,발로 공주고 받기,양팔 벌려 전신 비틀기
발가락 폄근 스트레칭,발목 돌리기,어깨 누르기
발등 동시에 늘리기,발목 얹고 다리 잡아당기기,어깨 뒤쪽 스트레칭
발등굽힘/발바닥굽힘,발바닥 마주대고 끌어당기기,어깨 스트레칭
발로 공주고 받기,발바닥 치기,어깨 양 옆으로 돌리기
발목 돌리기,발에 밴드걸고 윗몸일으키기,어깨 올리기
발목 얹고 다리 잡아당기기,배 스트레칭,엉덩관절 회전하기
발바닥 마주대고 끌어당기기,배스트레칭,엉덩이 늘리기
발바닥 치기,백 슬라이드,엉덩이 스트레칭
발에 밴드걸고 윗몸일으키기,밴드 걸고 누워서 다리 들어올리기,엉덩이 스트레칭2
배 스트레칭,밴드 걸고 앉아서 발등 굽힘,엎드려 교차 발 잡아당기기
배스트레칭,밴드 걸고 엎드려서 다리 구부리기,엎드려 버티기
백 슬라이드,밴드 걸고 옆으로 누워 다리 올리기,엎드려 상체 들어올리기
밴드 걸고 누워서 다리 들어올리기,밴드 다리 올려 버티기,엎드려 양팔 및 다리 들어올리기
밴드 걸고 앉아서 발등 굽힘,밴드 머리 뒤로 들어올리기,엎드려 어깨 늘리기
밴드 걸고 엎드려서 다리 구부리기,밴드 앞 옆으로 들어올리기,엎드려 팔 대고 버티기
밴드 걸고 옆으로 누워 다리 올리기,밴드 앞으로 당기기,엎드려 한발 원 그리기
밴드 다리 올려 버티기,밴드 어깨 뒤로 들어올리기,엎드려서 다리 차올리기
밴드 머리 뒤로 들어올리기,밴드 잡고 누워서 다리 밀기,연속 사이드 스쿼드
밴드 앞 옆으로 들어올리기,밴드 잡고 다리 옆으로 벌리기,옆구리 스트레칭
밴드 앞으로 당기기,밴드 잡고 몸통 옆으로 굽히기,옆구리늘리기
밴드 어깨 뒤로 들어올리기,밴드 잡고 무릎펴기,옆으로 걷기
밴드 잡고 누워서 다리 밀기,밴드 한 발 뒤로 들기,옆으로 누워 가슴 열기
밴드 잡고 몸통 옆으로 굽히기,버피 테스트,옆으로 누워 버티기
밴드 잡고 무릎펴기,버피운동,옆으로 누워 폼롤러 굴려주기
밴드 한 발 뒤로 들기,벌림 밸런스 운동-60~120도 사이,옆으로 팔 대고 버티기
밴드로 다리 들어 올려 버티기,베개 밟고 교차 서기,온 몸 뻗어주기
밴드잡고 머리 위에서 팔꿈치 펴기,베개 밟고 대각방향으로 서기,왕복달리기
버피 테스트,베개 밟고 두발 모아 서기,왜가리 자세
버피운동,베개 밟고 서기,요가 및 필라테스  루틴프로그램
벌림 밸런스 운동-60~120도 사이,베개 밟고 서기 평형성 운동 루틴 프로그램,요통을 위한 스트레칭1
베개 밟고 교차 서기,베개 밟고 위로 양팔 들기,요통을 위한 스트레칭2
베개 밟고 대각방향으로 서기,베개 밟고 측면으로 양팔 들기,우울증을 위한 스트레칭
베개 밟고 두발 모아 서기,벽에서 팔굽혀 펴기,윗몸 말아 올리기
베개 밟고 서기,벽잡고 빨리 뛰기,윗몸 일으키기
베개 밟고 서기 평형성 운동 루틴 프로그램,벽패스,윗몸올리기
베개 밟고 측면으로 양팔 들기,복부 스트레칭,유산소 운동 전 동적 루틴 스트레칭
벽에서 팔굽혀 펴기,복식호흡,의자 이용 중심 잡기 루틴 운동
벽잡고 빨리 뛰기,볼 위에 앉아 밴드 양옆으로 당기기,의자 이용 평형성운동 루틴 프로그램
벽패스,볼 잡고 몸통 기울이기,의자 잡고 측면으로 한발 들기
복부 스트레칭,볼 잡고 점프하기,의자 잡고 팔 뒤로 굽히기
복식호흡,볼 튕기면서 스쿼트,의자 잡고 한발 들기
볼 위에 앉아 밴드 양옆으로 당기기,비복근 스트레칭,의자에 앉아 가슴 뒤로 젖히기
볼 잡고 몸통 기울이기,비스듬히 누워서 밀기,의자에 앉아 가슴 몸통 말아주기
볼 잡고 점프하기,빠르게 걷기,의자에 앉아 등 굽혔다 펴기
볼 튕기면서 스쿼트,빠르게 무릎 올려 찍기,의자에 앉아 몸통비틀기
비복근 스트레칭,빠르게 무릎들어 뛰기,의자에 앉아 볼 돌리기
비스듬히 누워서 밀기,빠르게 앞무릎 올리기,의자에 앉아 옆구리 숙이기
빠르게 걷기,빠른 발 뛰기,의자이용 유연성운동 루틴 프로그램
빠르게 무릎 올려 찍기,빠른 발 안팎 뛰기,의자잡고 서기 평형성운동 루틴 프로그램
빠르게 무릎들어 뛰기,사다리 걷기,자가근막이완술 루틴 스트레칭
빠르게 앞무릎 올리기,사다리 안팎 뛰기,자기 체중 이용 평형성 운동 루틴 프로그램
빠른 발 뛰기,사다리 옆으로 발 옮기기,자전거타기
빠른 발 안팎 뛰기,사다리 운동  루틴프로그램,작은 공을 이용한 동적 루틴 스트레칭
사다리 걷기,사다리 이용 루틴 운동,전갈자세
사다리 안팎 뛰기,사다리 좌우 뛰기,전사자세
사다리 옆으로 발 옮기기,사이드 스텝,전신 루틴 스트레칭
사다리 운동  루틴프로그램,사이드 스텝 점프하기,전신 비틀며 전진하기
사다리 이용 루틴 운동,사이드 지그재그 뛰기,전신 틀어 손벽 마주치기
사다리 좌우 뛰기,사이드 한발 뛰기,전완대고 버티기
사디리 이용 협응성운동 루틴 프로그램,상지 루틴 스트레칭,전진 점프하며 발 뒤꿈치 찍기
사이드 스텝,상체 감아올리기,전진 점프하며 발바닥 찍기
사이드 스텝 점프하기,상체 앞으로 숙이기,점프해서 발바닥 치기
사이드 지그재그 뛰기,서서 균형잡기,정적 스트레칭  루틴프로그램
사이드 한발 뛰기,서서 균형잡으며 몸통 회전하기,제자리 뛰기
상지 루틴 스트레칭,서서 다리 뒤로 차기,조깅
상체 감아올리기,서서 다리 모으고 벌리기,종아리 사이 감아 돌리기
상체 앞으로 숙이기,서서 다리로 탄력밴드 당겨 중심 잡기 루틴 운동,종아리 스트레칭
서서 균형잡기,서서 다리로 탄력밴드 당기기 I,좌식생활자를 위한 동적 루틴 스트레칭
서서 균형잡으며 몸통 회전하기,서서 다리로 탄력밴드 당기기 II,좌우 이동하며 팔굽혀펴기
서서 다리 뒤로 차기,서서 뒤꿈치 들기,좌우로 선넘기
서서 다리 모으고 벌리기,서서 바벨 위로 밀기,줄 따라 걷기
서서 다리로 탄력밴드 당겨 중심 잡기 루틴 운동,서서 발목 누르기,줄넘기
서서 다리로 탄력밴드 당기기 I,서서 발목 뒤로 당기기,줄넘기 운동
서서 다리로 탄력밴드 당기기 II,서서 상체 일으키기,짐볼 앉기 평형성 운동 루틴 프로그램
서서 뒤꿈치 들기,서서 어깨  들어올리기,짐볼 앉아 양손 대각방향으로 들기
서서 바벨 위로 밀기,서서 탄력밴드 당겨내리기/올리기,짐볼 앉아 중심 잡기 루틴 운동
서서 발목 누르기,서서 팔꿈치 펴기,짐볼 앉아 한발 내딛기
서서 발목 뒤로 당기기,서서 한팔 들어 오른쪽 왼쪽 뻗기,짐볼 앞으로 밀기
서서 상체 일으키기,성화봉송,짐볼 양옆으로 굴리기
서서 어깨  들어올리기,소머리 자세,짐볼 양팔로 밀기
서서 탄력밴드 당겨내리기/올리기,소파를 이용한 윗몸올리기,짐볼 옆에 두고 어깨 누르기
서서 팔꿈치 펴기,손 뻗어 윗몸 일으키기,짐볼 운동  루틴프로그램
서서 한팔 들어 오른쪽 왼쪽 뻗기,손목 펴기/굽히기,짐볼 이용 평형성 루틴 프로그램
성화봉송,수건 이용하여 장딴지 늘리기,짐볼 전완대고 버티기
소머리 자세,수건잡고 팔 들어올리기,짐볼에 다리 올리고 좌우로 움직이기
소파를 이용한 윗몸올리기,수영,짐볼을 이용한 동적 루틴 스트레칭
손 뻗어 윗몸 일으키기,순간반응 콘 찍기,짝 스트레칭  루틴프로그램
손목 펴기/굽히기,순간반응 콘 찍기 2,척추 들어올리기
수건 이용하여 장딴지 늘리기,슈퍼맨자세,척추 스트레칭
수건잡고 팔 들어올리기,스카프 라인,측면 팔대고 버티기
수동적 관절가동범위 운동,스카프 저글링,치매를 위한 스트레칭(의자)
수영,스타 투 니 풀,콘운동  루틴프로그램
순간반응 콘 찍기,스텝박스,탄력밴드 걸고 서기 평형성 운동 루틴 프로그램
순간반응 콘 찍기 2,스텝박스 오르내리기,탄력밴드 이용 평형성운동 루틴 프로그램
슈퍼맨자세,스텝퍼 뛰어서 넘어가기,턱걸이
스카프 라인,스텝퍼 뛰어서 오르내리기,트레드밀에서 걷기
스타 투 니 풀,스텝퍼 옆으로 뛰어넘기,팔 교대로 올리기
스텝박스,스텝퍼 오르내리기,팔 당기기
스텝박스 오르내리기,스텝퍼 올라가서 점프하여 착지하기,팔 들어 올리며 런지
스텝퍼 뛰어서 넘어가기,시소우,팔 벌려 뛰기
스텝퍼 뛰어서 오르내리기,실내 자전거타기,팔 빨리 흔들기
스텝퍼 옆으로 뛰어넘기,실외 자전거타기,팔굽혀 펴기
스텝퍼 오르내리기,십(十)자 달리기,팔굽혀펴기
스텝퍼 올라가서 점프하여 착지하기,십(十)자 드리블,팔꿈치 고정 후 벌리기
시소우,써클휠로 다리 끌어당기기,팔꿈치 맞닿아 원그리기
실내 자전거타기,아기자세,팔꿈치 머리 뒤로 젖히기
실외 자전거타기,아래 팔 스트레칭,팔꿈치 원 그리기
십(十)자 달리기,아령 뒤로 들어올리기,팔벌려뛰기
십(十)자 드리블,아령 앞으로 들어올리기,폼롤러 밀며 몸 앞으로 숙이기
써클휠로 다리 끌어당기기,아쿠아로빅,폼롤러 앞으로 굴리기
아기자세,아쿠아로빅 운동 프로그램 루틴,폼롤러 이용 유연성운동 루틴 프로그램
아래 팔 스트레칭,아쿠아로빅-몸 기울이기/회전하기,플렉스 바 비틀기
아령 뒤로 들어올리기,아쿠아로빅-물누르기/올리기,하지 루틴 스트레칭1
아령 앞으로 들어올리기,아쿠아로빅-물당기기/밀기,하지 루틴 스트레칭2
아쿠아로빅,아쿠아로빅-발 닿기,한 발 뒤로 들어올리기
아쿠아로빅 심폐지구력운동 루틴 프로그램,아쿠아로빅-엉덩관절 회전하기,한 발 뒤로 빼고 앞으로 굽히기
아쿠아로빅 운동 프로그램 루틴,아쿠아로빅-옆구리 늘리기,한 발 들어올리기
아쿠아로빅-몸 기울이기/회전하기,앉아 윗몸 앞으로 굽히기,한 발 앞굽이 팔 위로 뻗어 가슴 내밀기
아쿠아로빅-물누르기/올리기,앉아서 가슴 모으기,한 칸 건너뛰며 걷기
아쿠아로빅-물당기기/밀기,앉아서 다리 굽히기,한발 들기
아쿠아로빅-발 닿기,앉아서 다리 모으기,한발 앞으로 내밀고 앉았다 일어서기
아쿠아로빅-엉덩관절 회전하기,앉아서 다리 밀기,한발 연속 뛰기
아쿠아로빅-옆구리 늘리기,앉아서 다리 벌리기,한쪽 다리펴고 상체 숙이기
앉아 윗몸 앞으로 굽히기,앉아서 다리 올리기,합장하여 앞으로 숙이기
앉아서 가슴 모으기,앉아서 다리 펴기,허리 스트레칭
앉아서 다리 굽히기,앉아서 다리 펴서 들어올리기,허리숙여 양팔 돌리기
앉아서 다리 모으기,앉아서 당겨 내리기,활 자세
앉아서 다리 밀기,앉아서 덤벨로 손목 굽히기,회전 초승달 자세
앉아서 다리 벌리기,앉아서 뒤로 당기기,회전근개 스트레칭
앉아서 다리 올리기,앉아서 모으기,회전근개 스트레칭2
앉아서 다리 펴기,앉아서 몸통 움츠리기,훌라후프하며 앞으로 가기
앉아서 다리 펴서 들어올리기,앉아서 무릎 굽히기,휴식자세
앉아서 당겨 내리기,앉아서 밀기,
앉아서 덤벨로 손목 굽히기,앉아서 밴드 당기기,
앉아서 뒤로 당기기,앉아서 밴드 잡고 몸통 돌리기,
앉아서 모으기,앉아서 상체 앞 옆으로 기울기,
앉아서 몸통 움츠리기,앉아서 양팔 당기기,
앉아서 무릎 굽히기,앉아서 어깨 위로 밀기,
앉아서 밀기,앉아서 엉덩관절 굽히기,
앉아서 밴드 당기기,앉아서 엉덩이 들고 이동하기,
앉아서 밴드 잡고 몸통 돌리기,앉아서 옆구리 늘려주기,
앉아서 상체 앞 옆으로 기울기,앉아서 위로 밀기,
앉아서 양팔 당기기,앉아서 팔꿈치 굽히기,
앉아서 어깨 위로 밀기,앉아서 팔꿈치 굽히기/펴기,
앉아서 엉덩관절 굽히기,앉아서 한 발 앞으로 굽히기,
앉아서 엉덩이 들고 이동하기,앉았다 일어나며 점프하기,
앉아서 옆구리 늘려주기,앉았다 일어서기,
앉아서 위로 밀기,앉았다 일어서며 팔 들어올리기,
앉아서 팔꿈치 굽히기,앉았다 일어서면서 점프하기,
앉아서 팔꿈치 굽히기/펴기,앉은 산 자세,
앉아서 한 발 앞으로 굽히기,앞굽이 뛰기,
앉았다 일어나며 점프하기,앞굽이 앉았다 일어서기,
앉았다 일어서기,앞뒤 지그재그 뛰기,
앉았다 일어서며 팔 들어올리기,앞뒤로 선넘기,
앉았다 일어서면서 점프하기,앞뒤로 한발씩 걷기,
앉은 산 자세,앞발 들어올리기,
앞 뒤 굴곡(목 앞 뒤 굴곡),앞발 의자 올려 굽히기,
앞굽이 뛰기,앞으로 나가며 앉았다 일어서기,
앞굽이 앉았다 일어서기,앞차기하며 뛰기,
앞뒤 지그재그 뛰기,양 손 번갈아 공 튀기기,
앞뒤로 선넘기,양발 교차 뛰기,
앞뒤로 한발씩 걷기,양발 교차 올리기,
앞발 들어올리기,양발 교차하여 서서 몸통 숙이기,
앞발 의자 올려 굽히기,양발 나란히 서기,
앞으로 나가며 앉았다 일어서기,양발 모아 좌우 뛰기,
앞차기하며 뛰기,양발 모았다 벌려뛰기,
양 손 번갈아 공 튀기기,양발 벌려 무릎 밀어내기,
양발 교차 뛰기,양발 연속 뛰기,
양발 교차 올리기,양발 점프 착지하기,
양발 교차하여 서서 몸통 숙이기,양손 모아 균형 잡기,
양발 나란히 서기,양팔 벌려 높이 뛰기,
양발 모아 좌우 뛰기,양팔 벌려 전신 비틀기,
양발 모았다 벌려뛰기,양팔 크게 벌리기,
양발 벌려 무릎 밀어내기,어깨 누르기,
양발 연속 뛰기,어깨 뒤쪽 스트레칭,
양발 점프 착지하기,어깨 스트레칭,
양손 모아 균형 잡기,어깨 양 옆으로 돌리기,
양팔 벌려 높이 뛰기,어깨 올리기,
양팔 벌려 전신 비틀기,엇박자 뛰기,
양팔 크게 벌리기,엉덩관절 회전하기,
어깨 누르기,엉덩이 늘리기,
어깨 뒤쪽 스트레칭,엉덩이 스트레칭,
어깨 스트레칭,엉덩이 스트레칭2,
어깨 양 옆으로 돌리기,엎드려 교차 발 잡아당기기,
어깨 올리기,엎드려 다리 들어올리기,
엇박자 뛰기,엎드려 뒤로 다리 올리기,
엉덩관절 회전하기,엎드려 무릎 당기기,
엉덩이 늘리기,엎드려 무릎 연속 차기,
엉덩이 스트레칭,엎드려 버티기,
엉덩이 스트레칭2,엎드려 상체 들어올리기,
엎드려 교차 발 잡아당기기,엎드려 양팔 및 다리 들어올리기,
엎드려 다리 들어올리기,엎드려 어깨 늘리기,
엎드려 뒤로 다리 올리기,엎드려 팔 대고 버티기,
엎드려 무릎 당기기,엎드려 팔다리 교차올리기,
엎드려 무릎 연속 차기,엎드려 팔로 걷기,
엎드려 버티기,엎드려 한발 원 그리기,
엎드려 상체 들어올리기,엎드려서 균형잡기,
엎드려 양팔 및 다리 들어올리기,엎드려서 다리 굽히기,
엎드려 어깨 늘리기,엎드려서 다리 차올리기,
엎드려 팔 대고 버티기,엎드려서 팔 다리 들기,
엎드려 팔다리 교차올리기,연속 무릎 올리기,
엎드려 팔로 걷기,연속 사이드 스쿼드,
엎드려 한발 원 그리기,연속 상향 점프하기,
엎드려서 균형잡기,연속 하향 점프하기,
엎드려서 다리 굽히기,옆구리 스트레칭,
엎드려서 다리 차올리기,옆구리늘리기,
엎드려서 팔 다리 들기,옆으로 걷기,
연속 무릎 올리기,옆으로 굽히기,
연속 사이드 스쿼드,옆으로 누워 가슴 열기,
연속 상향 점프하기,옆으로 누워 다리 들어올리기,
연속 하향 점프하기,옆으로 누워 무릎 벌리기,
옆구리 스트레칭,옆으로 누워 버티기,
옆구리늘리기,옆으로 누워 폼롤러 굴려주기,
옆으로 걷기,옆으로 누워서팔 앞으로 당기기,
옆으로 굽히기,옆으로 다리 뻗기,
옆으로 누워 가슴 열기,옆으로 팔 대고 버티기,
옆으로 누워 다리 들어올리기,옆으로 팔 벌리며 점프하기,
옆으로 누워 무릎 벌리기,옆으로 펀치하기,
옆으로 누워 버티기,온 몸 뻗어주기,
옆으로 누워 폼롤러 굴려주기,왕복달리기,
옆으로 누워서팔 앞으로 당기기,왜가리 자세,
옆으로 다리 뻗기,요가 및 필라테스  루틴프로그램,
옆으로 팔 대고 버티기,요통을 위한 근력운동,
옆으로 팔 벌리며 점프하기,요통을 위한 스트레칭1,
옆으로 펀치하기,요통을 위한 스트레칭2,
온 몸 뻗어주기,우울증을 위한 심폐지구력 운동,
왕복달리기,웅크리고 앉아 손잡고 상체 숙이기,
왜가리 자세,원판던지기,
요가 및 필라테스  루틴프로그램,웨이트 트레이닝  루틴프로그램,
요통을 위한 근력운동,윗몸 말아 올리기,
요통을 위한 스트레칭1,윗몸 일으키기,
요통을 위한 스트레칭2,윗몸말아올리기,
우울증을 위한 근력운동,윗몸올리기,
우울증을 위한 심폐지구력 운동,유산소 운동 전 동적 루틴 스트레칭,
우울증을 위한 협응성 운동,유소년테스트,
웅크리고 앉아 손잡고 상체 숙이기,의자 앉아 공 밀기,
원판던지기,의자 앉아 다리로 짐볼 쥐기,
웨이트 트레이닝  루틴프로그램,의자 앞에서 앉았다 일어서기,
윗몸 말아 올리기,의자 이용 근력운동 루틴 프로그램,
윗몸 일으키기,의자 이용 중심 잡기 루틴 운동,
윗몸말아올리기,의자 이용 평형성운동 루틴 프로그램,
윗몸올리기,의자 이용하기,
유산소 운동 전 동적 루틴 스트레칭,의자 잡고 반복 옆 뛰기,
유소년테스트,의자 잡고 서기,
의자 앉아 공 밀기,의자 잡고 전방으로 무릎 굽혀 들기,
의자 앉아 다리로 짐볼 쥐기,의자 잡고 측면으로 한발 들기,
의자 앞에서 앉았다 일어서기,의자 잡고 팔 뒤로 굽히기,
의자 이용 근력운동 루틴 프로그램,의자 잡고 한발 들기,
의자 이용 중심 잡기 루틴 운동,의자 잡고 후방으로 한발 뻗어 들기,
의자 이용 평형성운동 루틴 프로그램,의자에 앉아 가슴 뒤로 젖히기,
의자 이용하기,의자에 앉아 가슴 몸통 말아주기,
의자 잡고 반복 옆 뛰기,의자에 앉아 다리 뻗어 올리기,
의자 잡고 서기,의자에 앉아 다리 펴서 들어올리기,
의자 잡고 전방으로 무릎 굽혀 들기,의자에 앉아 등 굽혔다 펴기,
의자 잡고 측면으로 한발 들기,의자에 앉아 몸통비틀기,
의자 잡고 팔 뒤로 굽히기,의자에 앉아 물병 들고 몸통 돌리기,
의자 잡고 한발 들기,의자에 앉아 볼 돌리기,
의자 잡고 후방으로 한발 뻗어 들기,의자에 앉아 옆구리 숙이기,
의자에 앉아 가슴 뒤로 젖히기,의자에 한 다리 올리고 앉앗다 일어서기,
의자에 앉아 가슴 몸통 말아주기,의자이용 유연성운동 루틴 프로그램,
의자에 앉아 다리 뻗어 올리기,의자잡고 서기 평형성운동 루틴 프로그램,
의자에 앉아 다리 펴서 들어올리기,의자잡고 후방으로 무릎 굽혀 들기,
의자에 앉아 등 굽혔다 펴기,자가근막이완술 루틴 스트레칭,
의자에 앉아 몸통비틀기,자기 체중 이용 평형성 운동 루틴 프로그램,
의자에 앉아 물병 들고 몸통 돌리기,자세낮춰 이동하기,
의자에 앉아 볼 돌리기,자전거타기,
의자에 앉아 옆구리 숙이기,작은 공을 이용한 동적 루틴 스트레칭,
의자에 한 다리 올리고 앉앗다 일어서기,잔발치기,
의자이용 유연성운동 루틴 프로그램,저항밴드 운동  루틴프로그램,
의자잡고 서기 평형성운동 루틴 프로그램,전갈자세,
의자잡고 후방으로 무릎 굽혀 들기,전사자세,
자가근막이완술 루틴 스트레칭,전신 루틴 스트레칭,
자기 체중 이용 평형성 운동 루틴 프로그램,전신 비틀며 전진하기,
자세낮춰 이동하기,전신 틀어 손벽 마주치기,
자전거타기,전완대고 버티기,
작은 공을 이용한 동적 루틴 스트레칭,전진 점프하며 발바닥 찍기,
잔발치기,전후 교차 뛰기,
저항밴드 운동  루틴프로그램,점프 팔굽혀펴기,
전갈자세,점프 후 버티기,
전사자세,점프하며 뛰기,
전신 루틴 스트레칭,점프하며 앞으로 나가기,
전신 비틀며 전진하기,점프해서 발바닥 치기,
전신 틀어 손벽 마주치기,점프해서 손 발끝 닿기,
전완대고 버티기,정적 스트레칭  루틴프로그램,
전진 점프하며 발 뒤꿈치 찍기,제자리 뛰기,
전진 점프하며 발바닥 찍기,제자리 멀리 뛰기,
전후 교차 뛰기,조깅,
점프 팔굽혀펴기,종아리 사이 감아 돌리기,
점프 후 버티기,종아리 스트레칭,
점프하며 뛰기,좌식생활자를 위한 동적 루틴 스트레칭,
점프하며 앞으로 나가기,좌우 양발모아 점프하기,
점프해서 발바닥 치기,좌우 이동하며 팔굽혀펴기,
점프해서 손 발끝 닿기,좌우 찍기,
정적 스트레칭  루틴프로그램,좌우로 선넘기,
제자리 뛰기,줄 따라 걷기,
제자리 멀리 뛰기,줄넘기,
조깅,줄넘기 운동,
종아리 사이 감아 돌리기,진자운동,
종아리 스트레칭,짐볼 들고 양옆으로 돌리기,
좌 우 굴곡(목 좌 우 굴곡),짐볼 배에 대고 버티기,
좌 우 회전(목 좌 우 회전),짐볼 앉기,
좌식생활자를 위한 동적 루틴 스트레칭,짐볼 앉기 평형성 운동 루틴 프로그램,
좌우 양발모아 점프하기,짐볼 앉아 뒤꿈치 들기,
좌우 이동하며 팔굽혀펴기,짐볼 앉아 몸통 돌리기,
좌우 찍기,짐볼 앉아 상체 숙이기,
좌우로 선넘기,짐볼 앉아 양 손 가슴 교차,
줄 따라 걷기,짐볼 앉아 양손 대각방향으로 들기,
줄넘기,짐볼 앉아 양손 측면으로 들기,
줄넘기 운동,짐볼 앉아 중심 잡기 루틴 운동,
진자운동,짐볼 앉아 한발 내딛기,
짐볼 들고 양옆으로 돌리기,짐볼 앉아 한발 들기,
짐볼 배에 대고 버티기,짐볼 앉아 한손 측면으로 들기,
짐볼 앉기 평형성 운동 루틴 프로그램,짐볼 앞으로 밀기,
짐볼 앉아 뒤꿈치 들기,짐볼 양옆으로 굴리기,
짐볼 앉아 중심 잡기 루틴 운동,짐볼 양팔로 밀기,
짐볼 앉아 한발 내딛기,짐볼 옆에 두고 어깨 누르기,
짐볼 앉아 한발 들기,짐볼 운동  루틴프로그램,
짐볼 앞으로 밀기,짐볼 윗몸올리기,
짐볼 양옆으로 굴리기,짐볼 윗몸일으키기,
짐볼 양팔로 밀기,짐볼 이용 근력운동 루틴 프로그램,
짐볼 옆에 두고 어깨 누르기,짐볼 이용 평형성 루틴 프로그램,
짐볼 운동  루틴프로그램,짐볼 이용해 앉았다 일어서기,
짐볼 윗몸올리기,짐볼 전완대고 버티기,
짐볼 윗몸일으키기,짐볼에 다리 올리고 엉덩이 들어올리기,
짐볼 이용 근력운동 루틴 프로그램,짐볼에 다리 올리고 좌우로 움직이기,
짐볼 이용 평형성 루틴 프로그램,짐볼에 엎드려서 몸통 젖히기,
짐볼 이용해 앉았다 일어서기,짐볼에 엎드려서 팔 다리 들기,
짐볼 전완대고 버티기,짐볼에서 몸통 돌리기,
짐볼에 다리 올리고 엉덩이 들어올리기,짐볼에서 엉덩이 돌리기,
짐볼에 다리 올리고 좌우로 움직이기,짐볼에서 윗몸 일으키기,
짐볼에 엎드려서 몸통 젖히기,짐볼을 이용한 동적 루틴 스트레칭,
짐볼에 엎드려서 팔 다리 들기,짝 스트레칭  루틴프로그램,
짐볼에서 몸통 돌리기,짝 운동,
짐볼에서 엉덩이 돌리기,척추 들어올리기,
짐볼에서 윗몸 일으키기,척추 스트레칭,
짐볼을 이용한 동적 루틴 스트레칭,측면 팔대고 버티기,
짝 스트레칭  루틴프로그램,치매를 위한 근력운동,
짝 운동,치매를 위한 스트레칭(의자),
척추 들어올리기,콘 뛰어넘기,
척추 스트레칭,콘운동  루틴프로그램,
측면 팔대고 버티기,크게 다리벌려 교차 뛰기,
치매를 위한 근력운동,크런치 사이클,
치매를 위한 스트레칭(의자),탄력밴드 걸고 서기,
콘 뛰어넘기,탄력밴드 걸고 서기 평형성 운동 루틴 프로그램,
콘운동  루틴프로그램,탄력밴드 무릎으로 당기기,
크게 다리벌려 교차 뛰기,탄력밴드 어깨 가쪽 돌림,
크런치 사이클,탄력밴드 이용 평형성운동 루틴 프로그램,
탄력밴드 걸고 서기,탄력밴드 전방으로 당기기,
탄력밴드 걸고 서기 평형성 운동 루틴 프로그램,탄력밴드 측면으로 당기기,
탄력밴드 당기면서 팔 들어올리기,탄력밴드 후방 측면으로 당기기,
탄력밴드 무릎으로 당기기,탄력밴드 후방으로 당기기,
탄력밴드 어깨 가쪽 돌림,턱걸이,
탄력밴드 이용 평형성운동 루틴 프로그램,테이블 이용하여 팔 들어 올리기,
탄력밴드 전방으로 당기기,테이블 이용하여 팔 옆으로 벌리기,
탄력밴드 측면으로 당기기,트레드밀에서 걷기,
탄력밴드 후방 측면으로 당기기,파워클린,
탄력밴드 후방으로 당기기,팔 교대로 올리기,
턱걸이,팔 구부려 등 모으기,
테이블 이용하여 팔 들어 올리기,팔 당기기,
테이블 이용하여 팔 옆으로 벌리기,팔 돌리며 점프하기,
트레드밀에서 걷기,팔 들어 올리며 런지,
파워클린,팔 벌려 뛰기,
팔 교대로 올리기,팔 빨리 흔들기,
팔 구부려 등 모으기,팔굽혀 펴기,
팔 당기기,팔굽혀펴기,
팔 돌리며 점프하기,팔굽혀펴기 후 점프하기,
팔 들어 올리며 런지,팔굽혀펴기(무릎대고 실시),
팔 벌려 뛰기,팔꿈치 고정 후 벌리기,
팔 빨리 흔들기,팔꿈치 굽히기,
팔굽혀 펴기,팔꿈치 맞닿아 원그리기,
팔굽혀펴기,팔꿈치 머리 뒤로 젖히기,
팔굽혀펴기 후 점프하기,팔꿈치 원 그리기,
팔굽혀펴기(무릎대고 실시),팔꿈치-무릎 교차 닿기,
팔꿈치 고정 후 벌리기,팔다리 교차 버티기,
팔꿈치 굽히기,팔로 써클링 누르기,
팔꿈치 맞닿아 원그리기,팔벌려뛰기,
팔꿈치 머리 뒤로 젖히기,폼롤러 밀며 몸 앞으로 숙이기,
팔꿈치 원 그리기,폼롤러 앞으로 굴리기,
팔꿈치-무릎 교차 닿기,폼롤러 이용 유연성운동 루틴 프로그램,
팔다리 교차 버티기,풍선 튕기기,
팔로 써클링 누르기,풍선차기,
팔벌려뛰기,플렉스 바 비틀기,
폼롤러 밀며 몸 앞으로 숙이기,하지 루틴 스트레칭1,
폼롤러 앞으로 굴리기,하지 루틴 스트레칭2,
폼롤러 이용 유연성운동 루틴 프로그램,하프콘 투호,
풍선 튕기기,한 발 끌어당기기,
풍선차기,한 발 뒤로 들어올리기,
플렉스 바 비틀기,한 발 뒤로 빼고 앞으로 굽히기,
하지 루틴 스트레칭1,한 발 들어올리기,
하지 루틴 스트레칭2,한 발 무릎위 올려차기,
하프콘 투호,한 발 앞굽이 팔 위로 뻗어 가슴 내밀기,
한 발 끌어당기기,한 칸 건너뛰며 걷기,
한 발 뒤로 들어올리기,한발 들기,
한 발 뒤로 빼고 앞으로 굽히기,한발 서서 균형잡기,
한 발 들어올리기,한발 앞뒤 교차 뛰기,
한 발 무릎위 올려차기,한발 앞으로 내밀고 앉았다 일어서기,
한 발 앞굽이 팔 위로 뻗어 가슴 내밀기,한발 연속 뛰기,
한 칸 건너뛰며 걷기,한발들어 좌우 돌리기,
한발 들기,한발로 점프하기,
한발 서서 균형잡기,한쪽 다리펴고 상체 숙이기,
한발 앞뒤 교차 뛰기,합장하여 앞으로 숙이기,
한발 앞으로 내밀고 앉았다 일어서기,허리 감아 볼 돌리기,
한발 연속 뛰기,허리 굽혀 덤벨 뒤로 들기,
한발들어 좌우 돌리기,허리 굽혀 덤벨 들기,
한발로 점프하기,허리 굽혀 팔 뒤로 들기,
한쪽 다리펴고 상체 숙이기,허리 비틀어 볼 주고받기,
합장하여 앞으로 숙이기,허리 비틀어 앉았다 일어서기,
허리 감아 볼 돌리기,허리 스트레칭,
허리 굽혀 덤벨 뒤로 들기,허리숙여 양팔 돌리기,
허리 굽혀 덤벨 들기,협응력 향상 프로그램_계이름 치기,
허리 굽혀 팔 뒤로 들기,활 자세,
허리 비틀어 볼 주고받기,회전 초승달 자세,
허리 비틀어 앉았다 일어서기,회전근개 스트레칭,
허리 스트레칭,회전근개 스트레칭2,
허리숙여 양팔 돌리기,훌라후프로 공 끌고 가기,
협응력 향상 프로그램_계이름 치기,훌라후프하며 앞으로 가기,
활 자세,휴식자세,
회전 초승달 자세,,
회전근개 스트레칭,,
회전근개 스트레칭2,,
훌라후프로 공 끌고 가기,,
훌라후프하며 앞으로 가기,,
휴식자세,,
